{"140-":{"count":189,"keywordTitle":"1500","imageUrl":{"src":"480/720/pentiimages/PNT5HSX922SK-KH19_front.jpg","title":"penti midnight person gömlek pantolon pijama takımı _kadin","marka":"penti"}},"1-":{"count":1488,"keywordTitle":"pijama","imageUrl":{"src":"productimages/5z2unnpu.eea_IMG_01_2110089942028.jpg","title":"beymen Marais Studio  Rosalia Vegan Everyday Sarı Pijama Takımı _kadin","marka":"beymen"}},"28-":{"count":46,"keywordTitle":"pantolon","imageUrl":{"src":"480/720/pentiimages/PNPFWZX322SK-B32_front.jpg","title":"penti beyaz cherries tişört pantolon pijama takımı _kadin","marka":"penti"}},"97-":{"count":51,"keywordTitle":"beymen","imageUrl":{"src":"productimages/4t2reaw1.3lj_IMG_01_2110089377868.jpg","title":"beymen Elli2 Nightwear  Mavi Biyeli Pijama Set _kadin","marka":"beymen"}},"138-":{"count":7,"keywordTitle":"900-1000","imageUrl":{"src":"productimages/4b5jyhaj.q22_IMG_01_2110082471297.jpg","title":"beymen House of Silk  Lidya Bej Çiçekli Pijama Takımı _kadin","marka":"beymen"}},"85-":{"count":5,"keywordTitle":"kısa","imageUrl":{"src":"productimages/erbg1ssv.n5h_IMG_01_2110088737540.jpg","title":"beymen House of Silk  Pembe Biyeli Kısa İpek Pijama Takımı _kadin","marka":"beymen"}},"134-":{"count":35,"keywordTitle":"500-600","imageUrl":{"src":"mnresize/600/-/pim/productimages/20221/5630308/l_20221-s29010z8-998_a.jpg","title":"lcwaikiki bağlamalı yaka minnie mouse baskılı uzun kollu kadın pijama takımı _kadin","marka":"lcwaikiki"}},"136-":{"count":2,"keywordTitle":"700-800","imageUrl":{"src":"mnresize/600/-/pim/productimages/20221/5833915/l_20221-s2hp83z8-ffb_a2.jpg","title":"lcwaikiki gömlek yaka kendinden desenli kısa kollu kadın pijama takım _kadin","marka":"lcwaikiki"}},"139-":{"count":8,"keywordTitle":"1000-1500","imageUrl":{"src":"productimages/z5xqp2zq.rns_IMG_01_2110088737311.jpg","title":"beymen House of Silk  Su Yeşili Desenli Pijama Takımı _kadin","marka":"beymen"}},"137-":{"count":4,"keywordTitle":"800-900","imageUrl":{"src":"mnresize/600/-/pim/productimages/20222/6417911/v1/l_20222-w2k224z8-10d-85-62-90-176_a.jpg","title":"lcwaikiki bride nakışlı saten pijama takım 13'lü paket _kadin","marka":"lcwaikiki"}},"133-":{"count":89,"keywordTitle":"400-500","imageUrl":{"src":"mnresize/600/-/pim/productimages/20222/6450487/v1/l_20222-w2ka61z8-1bq-85-62-90-176_a.jpg","title":"lcwaikiki çizgili kadın pijama takımı _kadin","marka":"lcwaikiki"}},"91-":{"count":181,"keywordTitle":"defacto","imageUrl":{"src":"768/Y6022AZ_22HS_GR93_01_02.jpg","title":"defacto fall in love regular fit meyve desenli kolsuz atlet şort pijama takım _kadin","marka":"defacto"}},"131-":{"count":530,"keywordTitle":"200-300","imageUrl":{"src":"mnresize/600/-/pim/productimages/20212/5238967/v3/l_20212-w17053z8-lqj_a.jpg","title":"lcwaikiki bisiklet yaka baskılı kısa kollu viskon hamile pijama takımı _kadin","marka":"lcwaikiki"}},"203-":{"count":88,"keywordTitle":"takım","imageUrl":{"src":"768/Z6295AZ_22WN_GN382_01_01.jpg","title":"defacto fall in love regular fit bisiklet yaka desenli pijama takım _kadin","marka":"defacto"}},"130-":{"count":342,"keywordTitle":"100-200","imageUrl":{"src":"mnresize/600/-/pim/productimages/20231/6536847/v1/l_20231-s3hl73z8-ge9_a.jpg","title":"lcwaikiki v yaka uzun kollu kadın pijama takım _kadin","marka":"lcwaikiki"}},"132-":{"count":246,"keywordTitle":"300-400","imageUrl":{"src":"mnresize/600/-/pim/productimages/20212/5467700/l_20212-w1h267z8-cvl_a.jpg","title":"lcwaikiki bisiklet yaka çizgili uzun kollu kadın pijama takımı _kadin","marka":"lcwaikiki"}},"182-":{"count":81,"keywordTitle":"viskon","imageUrl":{"src":"mnresize/600/-/pim/productimages/20211/4831042/l_20211-s19912z8-fjv_a.jpg","title":"lcwaikiki gömlek yaka beli lastikli düğme kapamalı kısa kollu viskon lohusa şortlu pijama takımı _kadin","marka":"lcwaikiki"}},"189-":{"count":17,"keywordTitle":"ekose","imageUrl":{"src":"mnresize/600/-/pim/productimages/20221/5592245/l_20221-s26230z8-lqa_a.jpg","title":"lcwaikiki beli lastikli ekose gabardin kumaş kadın pijama alt _kadin","marka":"lcwaikiki"}},"41-":{"count":15,"keywordTitle":"atlet","imageUrl":{"src":"768/Y6022AZ_22HS_GR93_01_02.jpg","title":"defacto fall in love regular fit meyve desenli kolsuz atlet şort pijama takım _kadin","marka":"defacto"}},"129-":{"count":25,"keywordTitle":"0-100","imageUrl":{"src":"mnresize/600/-/pim/productimages/20202/5278526/v1/l_20202-w1ab94z8-lqj_a.jpg","title":"lcwaikiki beli lastikli puantiyeli pamuklu kadın pijama alt _kadin","marka":"lcwaikiki"}},"176-":{"count":39,"keywordTitle":"hamile","imageUrl":{"src":"mnresize/600/-/pim/productimages/20212/5454858/l_20212-w1go93z8-cvl_u.jpg","title":"lcwaikiki bisiklet yaka baskılı kısa kollu pamuklu hamile pijama takımı _kadin","marka":"lcwaikiki"}},"29-":{"count":29,"keywordTitle":"jogger","imageUrl":{"src":"mnresize/600/-/pim/productimages/20222/5828624/l_20222-w21112z8-lsj_a.jpg","title":"lcwaikiki beli lastikli desenli pamuklu kadın jogger pijama altı _kadin","marka":"lcwaikiki"}},"89-":{"count":5,"keywordTitle":"mini","imageUrl":{"src":"768/W5634AZ_22SP_TR152_01_01.jpg","title":"defacto fall in love regular fit çizgili mini şort pijama altı _kadin","marka":"defacto"}},"103-":{"count":49,"keywordTitle":"hm","imageUrl":{"src":"/4f/91/4f91c8bbd67f73aa42c374cb420b4737cb4147b3.jpg],origin[dam],category[],type[LOOKBOOK],res[z],hmver[1]&call=url[file:/product/main]","title":"hm üst ve şortlu pijama takımı _kadin","marka":"hm"}},"135-":{"count":11,"keywordTitle":"600-700","imageUrl":{"src":"/c0/fa/c0fa6f4c662a14d75d75d0c9195b3c5fbcd74b76.jpg],origin[dam],category[],type[LOOKBOOK],res[y],hmver[1]&call=url[file:/product/main]","title":"hm saten pijama takımı _kadin","marka":"hm"}},"30-":{"count":3,"keywordTitle":"tayt","imageUrl":{"src":"/a2/b7/a2b75113b8cbf2c63f1a2f63549845645dcd8cf2.jpg],origin[dam],category[],type[LOOKBOOK],res[z],hmver[1]&call=url[file:/product/main]","title":"hm üst ve tayt pijama takımı _kadin","marka":"hm"}},"93-":{"count":1048,"keywordTitle":"lcwaikiki","imageUrl":{"src":"mnresize/600/-/pim/productimages/20212/5383996/l_20212-w1ep51z8-ct3_a.jpg","title":"lcwaikiki bisiklet yaka düz kısa kollu kadın pijama üst _kadin","marka":"lcwaikiki"}},"210-":{"count":6,"keywordTitle":"tulum","imageUrl":{"src":"mnresize/600/-/pim/productimages/20211/4697927/v1/l_20211-s13561z8-lqk_a.jpg","title":"lcwaikiki ip askılı dantel detaylı baskılı pamuklu kadın pijama tulum _kadin","marka":"lcwaikiki"}},"2-":{"count":2,"keywordTitle":"sabahlık","imageUrl":{"src":"mnresize/600/-/pim/productimages/20222/6357814/v1/l_20222-w2j936z8-12v-82-61-90-178_a.jpg","title":"lcwaikiki v yaka nakışlı askılı kadife kadın pijama takımı ve sabahlık _kadin","marka":"lcwaikiki"}},"45-":{"count":2,"keywordTitle":"sweatshirt","imageUrl":{"src":"mnresize/600/-/pim/productimages/20222/6200261/v1/l_20222-w2h758z8-gej-81-62-86-177_a.jpg","title":"lcwaikiki kapüşonlu düz uzun kollu kadın sweatshirt pijama üstü _kadin","marka":"lcwaikiki"}},"106-":{"count":159,"keywordTitle":"penti","imageUrl":{"src":"480/720/pentiimages/PNO75O2Z22SK-GN60_front.jpg","title":"penti sandy yeşil atlet pijama üstü _kadin","marka":"penti"}},"43-":{"count":23,"keywordTitle":"tişört","imageUrl":{"src":"480/720/pentiimages/PNLQLY5522SK-GR29_front.jpg","title":"penti gray checked tişört pantolon pijama takımı _kadin","marka":"penti"}}}