{"140-":{"count":27,"keywordTitle":"1500","imageUrl":{"src":"480/720/pentiimages/PN14915722IY-EC2_front.jpg","title":"penti bridal glitter saten sabahlık _kadin","marka":"penti"}},"2-":{"count":130,"keywordTitle":"sabahlık","imageUrl":{"src":"768/X6634AZ_22SM_BR80_01_02.jpg","title":"defacto fall in love relax fit wrap yaka saten sabahlık _kadin","marka":"defacto"}},"35-":{"count":4,"keywordTitle":"kimono","imageUrl":{"src":"768/T6537AZ_20CW_BR2_01_01.jpg","title":"defacto kuşaklı kimono sabahlık _kadin","marka":"defacto"}},"97-":{"count":28,"keywordTitle":"beymen","imageUrl":{"src":"productimages/i3iwjny3.hzo_IMG_01_2110088737748.jpg","title":"beymen House of Silk  Dark Rose Çiçekli Sabahlık _kadin","marka":"beymen"}},"139-":{"count":8,"keywordTitle":"1000-1500","imageUrl":{"src":"/05/63/0563afc8e2658a0d2c08daf2534a127349ee2714.jpg],origin[dam],category[],type[LOOKBOOK],res[m],hmver[1]&call=url[file:/product/main]","title":"hm kapüşonlu havlu sabahlık _kadin","marka":"hm"}},"90-":{"count":5,"keywordTitle":"uzun","imageUrl":{"src":"productimages/frcgbxya.l0p_IMG_01_2110085184194.jpg","title":"beymen House of Silk  Yeşil Desenli Uzun İpek Sabahlık _kadin","marka":"beymen"}},"135-":{"count":5,"keywordTitle":"600-700","imageUrl":{"src":"productimages/qnscd1wn.bbz_IMG_01_2110085184262.jpg","title":"beymen House of Silk  Sarı Saten Sabahlık _kadin","marka":"beymen"}},"134-":{"count":9,"keywordTitle":"500-600","imageUrl":{"src":"mnresize/600/-/pim/productimages/20221/5753363/l_20221-s2fb63z8-ffb_a.jpg","title":"lcwaikiki şal yaka baskılı uzun kollu saten kadın sabahlık _kadin","marka":"lcwaikiki"}},"137-":{"count":1,"keywordTitle":"800-900","imageUrl":{"src":"productimages/hmdabulf.skb_MP_97b5a936-694e-4303-a08e-517b119eedc6_1_71255591755445201934875800502_535.jpg","title":"beymen Magic Form  Krep Saten Dantelli Bordo Kadın Sabahlık _kadin","marka":"beymen"}},"85-":{"count":2,"keywordTitle":"kısa","imageUrl":{"src":"productimages/5eqovrho.g2j_IMG_01_2110083223932.jpg","title":"beymen La Perla  Maison Siyah Nakışlı Kısa İpek Saten Sabahlık _kadin","marka":"beymen"}},"91-":{"count":17,"keywordTitle":"defacto","imageUrl":{"src":"768/U4888AZ_21SM_PN232_01_03.jpg","title":"defacto fall in love relax fit yarım kollu dantelli hamile sabahlık _kadin","marka":"defacto"}},"131-":{"count":14,"keywordTitle":"200-300","imageUrl":{"src":"mnresize/600/-/pim/productimages/20222/5941239/v1/l_20222-w29236z8-998-84-62-89-177_a.jpg","title":"lcwaikiki şal yaka desenli uzun kollu kadın sabahlık _kadin","marka":"lcwaikiki"}},"176-":{"count":11,"keywordTitle":"hamile","imageUrl":{"src":"mnresize/600/-/pim/productimages/20222/5925250/l_20222-w28091z8-cvl_a.jpg","title":"lcwaikiki şal yaka baskılı uzun kollu hamile sabahlık _kadin","marka":"lcwaikiki"}},"132-":{"count":34,"keywordTitle":"300-400","imageUrl":{"src":"mnresize/600/-/pim/productimages/20222/6127650/v1/l_20222-w2fs38z8-fzz-84-62-90-178_a.jpg","title":"lcwaikiki şal yaka düz uzun kollu hamile sabahlık _kadin","marka":"lcwaikiki"}},"130-":{"count":14,"keywordTitle":"100-200","imageUrl":{"src":"mnresize/600/-/pim/productimages/20212/5465117/l_20212-w1h025z8-ct3_a.jpg","title":"lcwaikiki kruvaze yaka şerit detaylı uzun kollu kadın sabahlık _kadin","marka":"lcwaikiki"}},"103-":{"count":10,"keywordTitle":"hm","imageUrl":{"src":"/05/63/0563afc8e2658a0d2c08daf2534a127349ee2714.jpg],origin[dam],category[],type[LOOKBOOK],res[m],hmver[1]&call=url[file:/product/main]","title":"hm kapüşonlu havlu sabahlık _kadin","marka":"hm"}},"93-":{"count":64,"keywordTitle":"lcwaikiki","imageUrl":{"src":"mnresize/600/-/pim/productimages/20212/5194962/v1/l_20212-w14413z8-rrx_a.jpg","title":"lcwaikiki kruvaze yaka kuşaklı pelüş sabahlık _kadin","marka":"lcwaikiki"}},"133-":{"count":18,"keywordTitle":"400-500","imageUrl":{"src":"mnresize/600/-/pim/productimages/20222/6177020/v1/l_20222-w2gs66z8-lu7-84-62-90-178_a.jpg","title":"lcwaikiki şal yaka desenli uzun kollu kadın sabahlık _kadin","marka":"lcwaikiki"}},"1-":{"count":2,"keywordTitle":"pijama","imageUrl":{"src":"mnresize/600/-/pim/productimages/20222/6357814/v1/l_20222-w2j936z8-12v-82-61-90-178_a.jpg","title":"lcwaikiki v yaka nakışlı askılı kadife kadın pijama takımı ve sabahlık _kadin","marka":"lcwaikiki"}},"182-":{"count":4,"keywordTitle":"viskon","imageUrl":{"src":"mnresize/600/-/pim/productimages/20221/5919467/v1/l_20221-s2jr86z8-lu8_a.jpg","title":"lcwaikiki şal yaka desenli viskon kadın sabahlık _kadin","marka":"lcwaikiki"}},"122-":{"count":2,"keywordTitle":"olegcassini","imageUrl":{"src":"beyaz-saten-kollari-dantelli-sabahlik-gelin-sabahligi-ve-terligi-oleg-cassini-18347-80-K.jpg","title":"olegcassini beyaz saten kolları dantelli sabahlık _kadin","marka":"olegcassini"}},"106-":{"count":9,"keywordTitle":"penti","imageUrl":{"src":"480/720/pentiimages/PNP3AJX022SK-DB4_front.jpg","title":"penti koyu siyah mama lace sabahlık _kadin","marka":"penti"}}}