{"140-":{"count":23,"keywordTitle":"1500","imageUrl":{"src":"productimages/lmerfw25.ti4_IMG_90_2110088736260.jpg","title":"beymen House of Silk  Dahlia Siyah İpek Gecelik _kadin","marka":"beymen"}},"3-":{"count":221,"keywordTitle":"gecelik","imageUrl":{"src":"mnresize/600/-/pim/productimages/20222/5964493/v1/l_20222-w2ai83z8-ghr_u.jpg","title":"lcwaikiki v yaka nakışlı askılı saten kadın gecelik _kadin","marka":"lcwaikiki"}},"89-":{"count":13,"keywordTitle":"mini","imageUrl":{"src":"768/W9414AZ_22SP_TR426_01_02.jpg","title":"defacto regular fit slogan baskılı kısa kollu mini gecelik _kadin","marka":"defacto"}},"97-":{"count":31,"keywordTitle":"beymen","imageUrl":{"src":"productimages/wxgewz5t.53f_IMG_01_2110085182251.jpg","title":"beymen House of Silk  Sarı V Yaka Saten Gecelik _kadin","marka":"beymen"}},"136-":{"count":4,"keywordTitle":"700-800","imageUrl":{"src":"productimages/klbujrfv.h0e_MP_b169865b-f0e7-42a8-bb48-57de3e0ff781_1_30105664929720423456123292587_113.jpg","title":"beymen Magic Form  Degaje Yaka Saten Kahverengi Kadın Gecelik _kadin","marka":"beymen"}},"135-":{"count":5,"keywordTitle":"600-700","imageUrl":{"src":"productimages/po3iyhja.052_MP_097b44f4-3626-48f6-90dc-de5872a14d6e_1_21346944435322415587156540152_044.jpg","title":"beymen Magic Form  Krep Saten Dantelli Gül Kurusu Kadın Gecelik _kadin","marka":"beymen"}},"132-":{"count":20,"keywordTitle":"300-400","imageUrl":{"src":"/8a/05/8a05b56ce98313631a4e6d3c979bd477938a4262.jpg],origin[dam],category[],type[LOOKBOOK],res[y],hmver[1]&call=url[file:/product/main]","title":"hm baskılı gecelik _kadin","marka":"hm"}},"139-":{"count":5,"keywordTitle":"1000-1500","imageUrl":{"src":"productimages/xj3wrri3.dag_IMG_01_2110087128813.jpg","title":"beymen Elli2 Nightwear  Sarı Desenli Maksi Gecelik _kadin","marka":"beymen"}},"88-":{"count":4,"keywordTitle":"midi","imageUrl":{"src":"productimages/sl2tibyf.lyg_IMG_01_2110089285873.jpg","title":"beymen Avenue 8  Kırmızı V Yaka Dantelli Midi İpek Gecelik _kadin","marka":"beymen"}},"85-":{"count":1,"keywordTitle":"kısa","imageUrl":{"src":"productimages/3bvu3r2u.b2e_MP_6e716c41-d1cd-415f-9dc6-6280adcec302_1_71200224568235311305123831911_495.jpg","title":"beymen Magic Form  Dantelli Jarse Kısa Vişne Kadın Gecelik _kadin","marka":"beymen"}},"86-":{"count":2,"keywordTitle":"maksi","imageUrl":{"src":"productimages/yp0prvbu.qgb_IMG_01_2110087128844.jpg","title":"beymen Elli2 Nightwear  Ekru Desenli Maksi Gecelik _kadin","marka":"beymen"}},"91-":{"count":43,"keywordTitle":"defacto","imageUrl":{"src":"768/X6607AZ_22SM_GN382_01_03.jpg","title":"defacto df plus regular fit v yaka askılı büyük beden gecelik _kadin","marka":"defacto"}},"130-":{"count":86,"keywordTitle":"100-200","imageUrl":{"src":"mnresize/600/-/pim/productimages/20221/5860264/l_20221-s2ik58z8-fth_a.jpg","title":"lcwaikiki u yaka baskılı askılı pamuklu kadın gecelik _kadin","marka":"lcwaikiki"}},"131-":{"count":55,"keywordTitle":"200-300","imageUrl":{"src":"mnresize/600/-/pim/productimages/20212/5366482/v1/l_20212-w1dk39z8-hc3_a.jpg","title":"lcwaikiki kapüşonlu slogan baskılı uzun kollu pamuklu kadın gecelik _kadin","marka":"lcwaikiki"}},"176-":{"count":23,"keywordTitle":"hamile","imageUrl":{"src":"mnresize/600/-/pim/productimages/20231/6253851/v1/l_20231-s36753z8-fdu-78-61-93-174_a.jpg","title":"lcwaikiki bisiklet yaka nakışlı hamile gecelik _kadin","marka":"lcwaikiki"}},"129-":{"count":8,"keywordTitle":"0-100","imageUrl":{"src":"768/Z6094AZ_22WN_ER68_01_01.jpg","title":"defacto fall in love regular fit v yaka askılı saten gecelik _kadin","marka":"defacto"}},"39-":{"count":7,"keywordTitle":"gömlek","imageUrl":{"src":"mnresize/600/-/pim/productimages/20222/5914848/v1/l_20222-w27020z8-fvb_a.jpg","title":"lcwaikiki gömlek yaka baskılı kısa kollu viskon kadın gecelik _kadin","marka":"lcwaikiki"}},"26-":{"count":1,"keywordTitle":"babydoll","imageUrl":{"src":"768/Z0473AZ_22HS_WT20_01_01.jpg","title":"defacto fall in love babydoll v yaka gecelik _kadin","marka":"defacto"}},"103-":{"count":13,"keywordTitle":"hm","imageUrl":{"src":"/6e/16/6e166f1e457c9b502d5fdc75896fa557bec9a23c.jpg],origin[dam],category[],type[LOOKBOOK],res[z],hmver[1]&call=url[file:/product/main]","title":"hm saten gecelik _kadin","marka":"hm"}},"133-":{"count":13,"keywordTitle":"400-500","imageUrl":{"src":"mnresize/600/-/pim/productimages/20211/5438510/l_20211-s1lt99z8-fdu_a.jpg","title":"lcwaikiki v yaka nakışlı kısa kollu viskon kadın gecelik _kadin","marka":"lcwaikiki"}},"93-":{"count":126,"keywordTitle":"lcwaikiki","imageUrl":{"src":"mnresize/600/-/pim/productimages/20231/6280280/v1/l_20231-s39757z8-lt4-74-58-88-172_a.jpg","title":"lcwaikiki v yaka desenli askılı pamuklu kadın gecelik _kadin","marka":"lcwaikiki"}},"182-":{"count":8,"keywordTitle":"viskon","imageUrl":{"src":"mnresize/600/-/pim/productimages/20212/5378430/l_20212-w1eg40z8-lqj_a.jpg","title":"lcwaikiki u yaka askılı desenli viskon kadın gecelik _kadin","marka":"lcwaikiki"}},"134-":{"count":2,"keywordTitle":"500-600","imageUrl":{"src":"mnresize/600/-/pim/productimages/20211/5214591/v2/l_20211-s1jd43z8-ryy_a.jpg","title":"lcwaikiki v yaka düz kısa kollu kadın gecelik _kadin","marka":"lcwaikiki"}},"189-":{"count":1,"keywordTitle":"ekose","imageUrl":{"src":"mnresize/600/-/pim/productimages/20221/5592249/v1/l_20221-s26232z8-lqa_a.jpg","title":"lcwaikiki gömlek yaka ekose kısa kollu gabardin kadın gecelik _kadin","marka":"lcwaikiki"}},"122-":{"count":1,"keywordTitle":"olegcassini","imageUrl":{"src":"saten-sortlu-gecelik-bride-yazili-gelin-sabahligi-ve-terligi-oleg-cassini-13387-64-K.jpg","title":"olegcassini saten şortlu gecelik bride yazılı _kadin","marka":"olegcassini"}},"106-":{"count":7,"keywordTitle":"penti","imageUrl":{"src":"480/720/pentiimages/PNUY6XSX22IY-GN1_front.jpg","title":"penti amelia lacey elbise gecelik _kadin","marka":"penti"}},"208-":{"count":5,"keywordTitle":"elbise","imageUrl":{"src":"480/720/pentiimages/PNTAS5YV22SK-DMN_front.jpg","title":"penti floral morning elbise gecelik _kadin","marka":"penti"}}}